{"cameraMode":{"drawMode":0,"name":"Shaded","section":"Shading Mode"},"sceneLighting":true,"audioPlay":false,"sceneViewState":{"showFog":true,"showMaterialUpdate":false,"showSkybox":true,"showFlares":true,"showImageEffects":true,"showParticleSystems":true},"in2DMode":false,"pivot":{"x":3.9739484786987306,"y":-1.0344233512878419,"z":5.301209926605225},"rotation":{"x":-0.12856070697307588,"y":-0.7966934442520142,"z":0.18234288692474366,"w":-0.5617030262947083},"size":13.746965408325196,"orthographic":false}