{"cameraMode":{"drawMode":0,"name":"Shaded","section":"Shading Mode"},"sceneLighting":true,"audioPlay":false,"sceneViewState":{"showFog":true,"showMaterialUpdate":false,"showSkybox":true,"showFlares":true,"showImageEffects":true,"showParticleSystems":true},"in2DMode":false,"pivot":{"x":0.415488600730896,"y":9.005199432373047,"z":14.774702072143555},"rotation":{"x":0.5181989073753357,"y":0.0932563915848732,"z":-0.05697068199515343,"w":0.8482496738433838},"size":8.365355491638184,"orthographic":false}